selected,abbrevref_id,isolabel_ext,abbrev,insert_date
t,1,CO-AMA-ElEncanto,CO-AMA-EEN,2022-09-14
t,1,CO-AMA-LaChorrera,CO-AMA-LCH,2022-09-14
t,1,CO-AMA-LaPedrera,CO-AMA-LPD,2022-09-14
t,1,CO-AMA-LaVictoria,CO-AMA-LVC,2022-09-14
t,1,CO-AMA-Leticia,CO-AMA-LTA,2022-09-14
t,1,CO-AMA-MiritiParana,CO-AMA-MPA,2022-09-14
t,1,CO-AMA-PuertoAlegria,CO-AMA-PAA,2022-09-14
t,1,CO-AMA-PuertoArica,CO-AMA-PAC,2022-09-14
t,1,CO-AMA-PuertoNarino,CO-AMA-PNN,2022-09-14
t,1,CO-AMA-PuertoSantander,CO-AMA-PSR,2022-09-14
t,1,CO-AMA-Tarapaca,CO-AMA-TPA,2022-09-14
t,1,CO-ANT-Abejorral,CO-ANT-AJR,2022-09-14
t,1,CO-ANT-Abriaqui,CO-ANT-ABQ,2022-09-14
t,1,CO-ANT-Alejandria,CO-ANT-ALJ,2022-09-14
t,1,CO-ANT-Amaga,CO-ANT-AMG,2022-09-14
t,1,CO-ANT-Amalfi,CO-ANT-AMF,2022-09-14
t,1,CO-ANT-Andes,CO-ANT-AND,2022-09-14
t,1,CO-ANT-Angelopolis,CO-ANT-ANL,2022-09-14
t,1,CO-ANT-Angostura,CO-ANT-ANS,2022-09-14
t,1,CO-ANT-Anori,CO-ANT-ANO,2022-09-14
t,1,CO-ANT-Anza,CO-ANT-ANZ,2022-09-14
t,1,CO-ANT-Apartado,CO-ANT-APD,2022-09-14
t,1,CO-ANT-Arboletes,CO-ANT-ARB,2022-09-14
t,1,CO-ANT-Argelia,CO-ANT-ARG,2022-09-14
t,1,CO-ANT-Armenia,CO-ANT-ARM,2022-09-14
t,1,CO-ANT-Barbosa,CO-ANT-BAB,2022-09-14
t,1,CO-ANT-Bello,CO-ANT-BEL,2022-09-14
t,1,CO-ANT-Belmira,CO-ANT-BEM,2022-09-14
t,1,CO-ANT-Betania,CO-ANT-BTA,2022-09-14
t,1,CO-ANT-Betulia,CO-ANT-BTU,2022-09-14
t,1,CO-ANT-Briceno,CO-ANT-BRC,2022-09-14
t,1,CO-ANT-Buritica,CO-ANT-BUT,2022-09-14
t,1,CO-ANT-Caceres,CO-ANT-CAR,2022-09-14
t,1,CO-ANT-Caicedo,CO-ANT-CAI,2022-09-14
t,1,CO-ANT-Caldas,CO-ANT-CAS,2022-09-14
t,1,CO-ANT-Campamento,CO-ANT-CAM,2022-09-14
t,1,CO-ANT-Canasgordas,CO-ANT-CAG,2022-09-14
t,1,CO-ANT-Caracoli,CO-ANT-CAR,2022-09-14
t,1,CO-ANT-Caramanta,CO-ANT-CAN,2022-09-14
t,1,CO-ANT-Carepa,CO-ANT-CAP,2022-09-14
t,1,CO-ANT-CarolinaPrincipe,CO-ANT-CAL,2022-09-14
t,1,CO-ANT-Caucasia,CO-ANT-CAU,2022-09-14
t,1,CO-ANT-Chigorodo,CO-ANT-CHR,2022-09-14
t,1,CO-ANT-Cisneros,CO-ANT-CIS,2022-09-14
t,1,CO-ANT-CiudadBolivar,CO-ANT-CIB,2022-09-14
t,1,CO-ANT-Cocorna,CO-ANT-COR,2022-09-14
t,1,CO-ANT-Concepcion,CO-ANT-COP,2022-09-14
t,1,CO-ANT-Concordia,CO-ANT-CON,2022-09-14
t,1,CO-ANT-Copacabana,CO-ANT-COB,2022-09-14
t,1,CO-ANT-Dabeiba,CO-ANT-DAB,2022-09-14
t,1,CO-ANT-DonMatias,CO-ANT-DON,2022-09-14
t,1,CO-ANT-Ebejico,CO-ANT-EBE,2022-09-14
t,1,CO-ANT-ElBagre,CO-ANT-ELB,2022-09-14
t,1,CO-ANT-ElCarmenViboral,CO-ANT-ECV,2022-09-14
t,1,CO-ANT-ElPenol,CO-ANT-PEN,2022-09-14
t,1,CO-ANT-ElRetiro,CO-ANT-RTR,2022-09-14
t,1,CO-ANT-ElSantuario,CO-ANT-ESO,2022-09-14
t,1,CO-ANT-Entrerrios,CO-ANT-ETS,2022-09-14
t,1,CO-ANT-Envigado,CO-ANT-ENG,2022-09-14
t,1,CO-ANT-Fredonia,CO-ANT-FRN,2022-09-14
t,1,CO-ANT-Frontino,CO-ANT-FRO,2022-09-14
t,1,CO-ANT-Giraldo,CO-ANT-GRO,2022-09-14
t,1,CO-ANT-Girardota,CO-ANT-GDA,2022-09-14
t,1,CO-ANT-GomezPlata,CO-ANT-GPA,2022-09-14
t,1,CO-ANT-Granada,CO-ANT-GRA,2022-09-14
t,1,CO-ANT-Guadalupe,CO-ANT-GDL,2022-09-14
t,1,CO-ANT-Guarne,CO-ANT-GAR,2022-09-14
t,1,CO-ANT-Guatape,CO-ANT-GTE,2022-09-14
t,1,CO-ANT-Heliconia,CO-ANT-HCN,2022-09-14
t,1,CO-ANT-Hispania,CO-ANT-HPA,2022-09-14
t,1,CO-ANT-Itagui,CO-ANT-IGI,2022-09-14
t,1,CO-ANT-Ituango,CO-ANT-ITG,2022-09-14
t,1,CO-ANT-Jardin,CO-ANT-JDN,2022-09-14
t,1,CO-ANT-Jerico,CO-ANT-JRO,2022-09-14
t,1,CO-ANT-LaCeja,CO-ANT-LCJ,2022-09-14
t,1,CO-ANT-LaEstrella,CO-ANT-LEL,2022-09-14
t,1,CO-ANT-LaPintada,CO-ANT-LPA,2022-09-14
t,1,CO-ANT-LaUnion,CO-ANT-LUN,2022-09-14
t,1,CO-ANT-Liborina,CO-ANT-LIB,2022-09-14
t,1,CO-ANT-Maceo,CO-ANT-MAO,2022-09-14
t,1,CO-ANT-Marinilla,CO-ANT-MAN,2022-09-14
t,1,CO-ANT-Medellin,CO-ANT-MDL,2022-09-14
t,1,CO-ANT-Montebello,CO-ANT-MOT,2022-09-14
t,1,CO-ANT-Murindo,CO-ANT-MUR,2022-09-14
t,1,CO-ANT-Mutata,CO-ANT-MUA,2022-09-14
t,1,CO-ANT-Narino,CO-ANT-NAN,2022-09-14
t,1,CO-ANT-Nechi,CO-ANT-NEH,2022-09-14
t,1,CO-ANT-Necocli,CO-ANT-NEC,2022-09-14
t,1,CO-ANT-Olaya,CO-ANT-OLY,2022-09-14
t,1,CO-ANT-Peque,CO-ANT-PEQ,2022-09-14
t,1,CO-ANT-Pueblorrico,CO-ANT-PUB,2022-09-14
t,1,CO-ANT-PuertoBerrio,CO-ANT-PUR,2022-09-14
t,1,CO-ANT-PuertoNare,CO-ANT-PTN,2022-09-14
t,1,CO-ANT-PuertoTriunfo,CO-ANT-PTF,2022-09-14
t,1,CO-ANT-Remedios,CO-ANT-REM,2022-09-14
t,1,CO-ANT-Rionegro,CO-ANT-RNO,2022-09-14
t,1,CO-ANT-Sabanalarga,CO-ANT-SBN,2022-09-14
t,1,CO-ANT-Sabaneta,CO-ANT-SBT,2022-09-14
t,1,CO-ANT-Salgar,CO-ANT-SAL,2022-09-14
t,1,CO-ANT-SanAndresCuerquia,CO-ANT-SAC,2022-09-14
t,1,CO-ANT-SanCarlos,CO-ANT-SCS,2022-09-14
t,1,CO-ANT-SanFrancisco,CO-ANT-SFO,2022-09-14
t,1,CO-ANT-SanJeronimo,CO-ANT-SJO,2022-09-14
t,1,CO-ANT-SanJoseLaMontana,CO-ANT-SJM,2022-09-14
t,1,CO-ANT-SanJuanUraba,CO-ANT-SJU,2022-09-14
t,1,CO-ANT-SanLuis,CO-ANT-SLS,2022-09-14
t,1,CO-ANT-SanPedroMilagros,CO-ANT-SPL,2022-09-14
t,1,CO-ANT-SanPedroUraba,CO-ANT-SPU,2022-09-14
t,1,CO-ANT-SanRafael,CO-ANT-SRL,2022-09-14
t,1,CO-ANT-SanRoque,CO-ANT-SRQ,2022-09-14
t,1,CO-ANT-SanVicente,CO-ANT-SVF,2022-09-14
t,1,CO-ANT-SantaBarbara,CO-ANT-SBA,2022-09-14
t,1,CO-ANT-SantaFeAntioquia,CO-ANT-SFA,2022-09-14
t,1,CO-ANT-SantaRosaOsos,CO-ANT-SRO,2022-09-14
t,1,CO-ANT-SantoDomingo,CO-ANT-SDG,2022-09-14
t,1,CO-ANT-Segovia,CO-ANT-SEG,2022-09-14
t,1,CO-ANT-Sonson,CO-ANT-SOS,2022-09-14
t,1,CO-ANT-Sopetran,CO-ANT-SOT,2022-09-14
t,1,CO-ANT-Tamesis,CO-ANT-TAM,2022-09-14
t,1,CO-ANT-Taraza,CO-ANT-TAZ,2022-09-14
t,1,CO-ANT-Tarso,CO-ANT-TAR,2022-09-14
t,1,CO-ANT-Titiribi,CO-ANT-TIT,2022-09-14
t,1,CO-ANT-Toledo,CO-ANT-TOD,2022-09-14
t,1,CO-ANT-Turbo,CO-ANT-TUR,2022-09-14
t,1,CO-ANT-Uramita,CO-ANT-URA,2022-09-14
t,1,CO-ANT-Urrao,CO-ANT-URR,2022-09-14
t,1,CO-ANT-Valdivia,CO-ANT-VAL,2022-09-14
t,1,CO-ANT-Valparaiso,CO-ANT-VAP,2022-09-14
t,1,CO-ANT-Vegachi,CO-ANT-VEG,2022-09-14
t,1,CO-ANT-Venecia,CO-ANT-VEN,2022-09-14
t,1,CO-ANT-VigiaFuerte,CO-ANT-VDF,2022-09-14
t,1,CO-ANT-Yali,CO-ANT-YAI,2022-09-14
t,1,CO-ANT-Yarumal,CO-ANT-YUM,2022-09-14
t,1,CO-ANT-Yolombo,CO-ANT-YMO,2022-09-14
t,1,CO-ANT-Yondo,CO-ANT-YDO,2022-09-14
t,1,CO-ANT-Zaragoza,CO-ANT-ZGA,2022-09-14
t,1,CO-ARA-Arauca,CO-ARA-AUA,2022-09-14
t,1,CO-ARA-Arauquita,CO-ARA-AQA,2022-09-14
t,1,CO-ARA-CravoNorte,CO-ARA-CNE,2022-09-14
t,1,CO-ARA-Fortul,CO-ARA-FTL,2022-09-14
t,1,CO-ARA-PuertoRondon,CO-ARA-PRN,2022-09-14
t,1,CO-ARA-Saravena,CO-ARA-SAV,2022-09-14
t,1,CO-ARA-Tame,CO-ARA-TAE,2022-09-14
t,1,CO-ATL-Baranoa,CO-ATL-BAR,2022-09-14
t,1,CO-ATL-Barranquilla,CO-ATL-BAQ,2022-09-14
t,1,CO-ATL-CampoLaCruz,CO-ATL-CLC,2022-09-14
t,1,CO-ATL-Candelaria,CO-ATL-CAN,2022-09-14
t,1,CO-ATL-Galapa,CO-ATL-GAL,2022-09-14
t,1,CO-ATL-JuanAcosta,CO-ATL-JDA,2022-09-14
t,1,CO-ATL-Luruaco,CO-ATL-LUO,2022-09-14
t,1,CO-ATL-Malambo,CO-ATL-MAL,2022-09-14
t,1,CO-ATL-Manati,CO-ATL-MAN,2022-09-14
t,1,CO-ATL-PalmarVarela,CO-ATL-PDV,2022-09-14
t,1,CO-ATL-Piojo,CO-ATL-PIJ,2022-09-14
t,1,CO-ATL-Polonuevo,CO-ATL-PLN,2022-09-14
t,1,CO-ATL-Ponedera,CO-ATL-PON,2022-09-14
t,1,CO-ATL-PuertoColombia,CO-ATL-PCM,2022-09-14
t,1,CO-ATL-Repelon,CO-ATL-REP,2022-09-14
t,1,CO-ATL-Sabanagrande,CO-ATL-SNG,2022-09-14
t,1,CO-ATL-Sabanalarga,CO-ATL-SBL,2022-09-14
t,1,CO-ATL-SantaLucia,CO-ATL-SLA,2022-09-14
t,1,CO-ATL-SantoTomas,CO-ATL-STS,2022-09-14
t,1,CO-ATL-Soledad,CO-ATL-SOL,2022-09-14
t,1,CO-ATL-Suan,CO-ATL-SUA,2022-09-14
t,1,CO-ATL-Tubara,CO-ATL-TUB,2022-09-14
t,1,CO-ATL-Usiacuri,CO-ATL-USI,2022-09-14
t,1,CO-BOL-Achi,CO-BOL-ACI,2022-09-14
t,1,CO-BOL-AltosRosario,CO-BOL-ADR,2022-09-14
t,1,CO-BOL-Arenal,CO-BOL-ARL,2022-09-14
t,1,CO-BOL-Arjona,CO-BOL-AJA,2022-09-14
t,1,CO-BOL-Arroyohondo,CO-BOL-AYO,2022-09-14
t,1,CO-BOL-BarrancoLoba,CO-BOL-BDL,2022-09-14
t,1,CO-BOL-Calamar,CO-BOL-CMR,2022-09-14
t,1,CO-BOL-Cantagallo,CO-BOL-CTL,2022-09-14
t,1,CO-BOL-CartagenaIndias,CO-BOL-CDI,2022-09-14
t,1,CO-BOL-Cicuco,CO-BOL-CIC,2022-09-14
t,1,CO-BOL-Clemencia,CO-BOL-CLE,2022-09-14
t,1,CO-BOL-Cordoba,CO-BOL-CDB,2022-09-14
t,1,CO-BOL-ElCarmenBolivar,CO-BOL-ECB,2022-09-14
t,1,CO-BOL-ElGuamo,CO-BOL-EGM,2022-09-14
t,1,CO-BOL-ElPenon,CO-BOL-EPN,2022-09-14
t,1,CO-BOL-HatilloLoba,CO-BOL-HDL,2022-09-14
t,1,CO-BOL-Magangue,CO-BOL-MAG,2022-09-14
t,1,CO-BOL-Mahates,CO-BOL-MAH,2022-09-14
t,1,CO-BOL-Margarita,CO-BOL-MAR,2022-09-14
t,1,CO-BOL-MariaBaja,CO-BOL-MLB,2022-09-14
t,1,CO-BOL-Montecristo,CO-BOL-MTR,2022-09-14
t,1,CO-BOL-Morales,CO-BOL-MOR,2022-09-14
t,1,CO-BOL-Norosi,CO-BOL-NRI,2022-09-14
t,1,CO-BOL-Pinillos,CO-BOL-PIN,2022-09-14
t,1,CO-BOL-Regidor,CO-BOL-REG,2022-09-14
t,1,CO-BOL-RioViejo,CO-BOL-RVJ,2022-09-14
t,1,CO-BOL-SanCristobal,CO-BOL-SCT,2022-09-14
t,1,CO-BOL-SanEstanislao,CO-BOL-SEO,2022-09-14
t,1,CO-BOL-SanFernando,CO-BOL-SFO,2022-09-14
t,1,CO-BOL-SanJacinto,CO-BOL-SJT,2022-09-14
t,1,CO-BOL-SanJacintoCauca,CO-BOL-SJC,2022-09-14
t,1,CO-BOL-SanJuanNepomuceno,CO-BOL-SJN,2022-09-14
t,1,CO-BOL-SanMartinLoba,CO-BOL-SML,2022-09-14
t,1,CO-BOL-SanPablo,CO-BOL-SPB,2022-09-14
t,1,CO-BOL-SantaCatalina,CO-BOL-SCL,2022-09-14
t,1,CO-BOL-SantaCruzMompox,CO-BOL-SCM,2022-09-14
t,1,CO-BOL-SantaRosaLima,CO-BOL-SRS,2022-09-14
t,1,CO-BOL-SantaRosaSur,CO-BOL-SRR,2022-09-14
t,1,CO-BOL-Simiti,CO-BOL-SIM,2022-09-14
t,1,CO-BOL-Soplaviento,CO-BOL-SOP,2022-09-14
t,1,CO-BOL-TalaiguaNuevo,CO-BOL-TGN,2022-09-14
t,1,CO-BOL-Tiquisio,CO-BOL-TIQ,2022-09-14
t,1,CO-BOL-Turbaco,CO-BOL-TBO,2022-09-14
t,1,CO-BOL-Turbana,CO-BOL-TBA,2022-09-14
t,1,CO-BOL-Villanueva,CO-BOL-VLA,2022-09-14
t,1,CO-BOL-Zambrano,CO-BOL-ZBN,2022-09-14
t,1,CO-BOY-Almeida,CO-BOY-ALM,2022-09-14
t,1,CO-BOY-Aquitania,CO-BOY-AQI,2022-09-14
t,1,CO-BOY-Arcabuco,CO-BOY-ARC,2022-09-14
t,1,CO-BOY-Belen,CO-BOY-BEL,2022-09-14
t,1,CO-BOY-Berbeo,CO-BOY-BER,2022-09-14
t,1,CO-BOY-Beteitiva,CO-BOY-BET,2022-09-14
t,1,CO-BOY-Boavita,CO-BOY-BOA,2022-09-14
t,1,CO-BOY-Boyaca,CO-BOY-BOY,2022-09-14
t,1,CO-BOY-Briceno,CO-BOY-BRI,2022-09-14
t,1,CO-BOY-Buenavista,CO-BOY-BUE,2022-09-14
t,1,CO-BOY-Busbanza,CO-BOY-BUB,2022-09-14
t,1,CO-BOY-Caldas,CO-BOY-CDS,2022-09-14
t,1,CO-BOY-Campohermoso,CO-BOY-CAM,2022-09-14
t,1,CO-BOY-Cerinza,CO-BOY-CRN,2022-09-14
t,1,CO-BOY-Chinavita,CO-BOY-CHI,2022-09-14
t,1,CO-BOY-Chiquinquira,CO-BOY-CQI,2022-09-14
t,1,CO-BOY-Chiquiza,CO-BOY-CHI,2022-09-14
t,1,CO-BOY-Chiscas,CO-BOY-CHC,2022-09-14
t,1,CO-BOY-Chita,CO-BOY-CHT,2022-09-14
t,1,CO-BOY-Chitaraque,CO-BOY-CHQ,2022-09-14
t,1,CO-BOY-Chivata,CO-BOY-CHA,2022-09-14
t,1,CO-BOY-Chivor,CO-BOY-CHV,2022-09-14
t,1,CO-BOY-Cienega,CO-BOY-CIA,2022-09-14
t,1,CO-BOY-Combita,CO-BOY-CBA,2022-09-14
t,1,CO-BOY-Coper,CO-BOY-COP,2022-09-14
t,1,CO-BOY-Corrales,CO-BOY-COR,2022-09-14
t,1,CO-BOY-Covarachia,CO-BOY-COV,2022-09-14
t,1,CO-BOY-Cubara,CO-BOY-CUB,2022-09-14
t,1,CO-BOY-Cuitiva,CO-BOY-CUT,2022-09-14
t,1,CO-BOY-Duitama,CO-BOY-DUI,2022-09-14
t,1,CO-BOY-ElCocuy,CO-BOY-ECY,2022-09-14
t,1,CO-BOY-ElEspino,CO-BOY-EEO,2022-09-14
t,1,CO-BOY-Firavitoba,CO-BOY-FRB ,2022-09-14
t,1,CO-BOY-Floresta,CO-BOY-FLA,2022-09-14
t,1,CO-BOY-Gachantiva,CO-BOY-GCA,2022-09-14
t,1,CO-BOY-Gameza,CO-BOY-GAM,2022-09-14
t,1,CO-BOY-Garagoa,CO-BOY-GAR,2022-09-14
t,1,CO-BOY-Guacamayas,CO-BOY-GCS,2022-09-14
t,1,CO-BOY-Guateque,CO-BOY-GTE,2022-09-14
t,1,CO-BOY-Guayata,CO-BOY-GYA,2022-09-14
t,1,CO-BOY-Guican,CO-BOY-GDS,2022-09-14
t,1,CO-BOY-Iza,CO-BOY-IZA,2022-09-14
t,1,CO-BOY-Jenesano,CO-BOY-JNO,2022-09-14
t,1,CO-BOY-Jerico,CO-BOY-JRO,2022-09-14
t,1,CO-BOY-LaCapilla,CO-BOY-LCA,2022-09-14
t,1,CO-BOY-LaUvita,CO-BOY-LUA,2022-09-14
t,1,CO-BOY-LaVictoria,CO-BOY-LVA,2022-09-14
t,1,CO-BOY-Labranzagrande,CO-BOY-LRE,2022-09-14
t,1,CO-BOY-Macanal,CO-BOY-MCL,2022-09-14
t,1,CO-BOY-Maripi,CO-BOY-MRP,2022-09-14
t,1,CO-BOY-Miraflores,CO-BOY-MRL,2022-09-14
t,1,CO-BOY-Mongua,CO-BOY-MON,2022-09-14
t,1,CO-BOY-Mongui,CO-BOY-MGI,2022-09-14
t,1,CO-BOY-Moniquira,CO-BOY-MQA,2022-09-14
t,1,CO-BOY-Motavita,CO-BOY-MOT,2022-09-14
t,1,CO-BOY-Muzo,CO-BOY-MUZ,2022-09-14
t,1,CO-BOY-Nobsa,CO-BOY-NOB,2022-09-14
t,1,CO-BOY-NuevoColon,CO-BOY-NCN,2022-09-14
t,1,CO-BOY-Oicata,CO-BOY-OCT,2022-09-14
t,1,CO-BOY-Otanche,CO-BOY-OTC,2022-09-14
t,1,CO-BOY-Pachavita,CO-BOY-PCV,2022-09-14
t,1,CO-BOY-Paez,CO-BOY-PAE,2022-09-14
t,1,CO-BOY-Paipa,CO-BOY-PAI,2022-09-14
t,1,CO-BOY-Pajarito,CO-BOY-PAJ,2022-09-14
t,1,CO-BOY-Panqueba,CO-BOY-PAN,2022-09-14
t,1,CO-BOY-Pauna,CO-BOY-PAU,2022-09-14
t,1,CO-BOY-Paya,CO-BOY-PAY,2022-09-14
t,1,CO-BOY-PazRio,CO-BOY-PZR,2022-09-14
t,1,CO-BOY-Pesca,CO-BOY-PES,2022-09-14
t,1,CO-BOY-Pijaos,CO-BOY-CUC,2022-09-14
t,1,CO-BOY-Pisba,CO-BOY-PIS,2022-09-14
t,1,CO-BOY-PuertoBoyaca,CO-BOY-POB,2022-09-14
t,1,CO-BOY-Quipama,CO-BOY-QUI,2022-09-14
t,1,CO-BOY-Ramiriqui,CO-BOY-RAM,2022-09-14
t,1,CO-BOY-Raquira,CO-BOY-RAQ,2022-09-14
t,1,CO-BOY-Rondon,CO-BOY-RON,2022-09-14
t,1,CO-BOY-Saboya,CO-BOY-SAB,2022-09-14
t,1,CO-BOY-Sachica,CO-BOY-SHI,2022-09-14
t,1,CO-BOY-Samaca,CO-BOY-SAM,2022-09-14
t,1,CO-BOY-SanEduardo,CO-BOY-SEO,2022-09-14
t,1,CO-BOY-SanJosePare,CO-BOY-SJP,2022-09-14
t,1,CO-BOY-SanLuisGaceno,CO-BOY-SLG,2022-09-14
t,1,CO-BOY-SanMateo,CO-BOY-SMO,2022-09-14
t,1,CO-BOY-SanMiguelSema,CO-BOY-SMS,2022-09-14
t,1,CO-BOY-SanPabloBorbur,CO-BOY-SPB,2022-09-14
t,1,CO-BOY-SanRafaelUmbita,CO-BOY-UBA,2022-09-14
t,1,CO-BOY-SantaMaria,CO-BOY-SMA,2022-09-14
t,1,CO-BOY-SantaRosaViterbo,CO-BOY-SRV,2022-09-14
t,1,CO-BOY-SantaSofia,CO-BOY-SSA,2022-09-14
t,1,CO-BOY-Santana,CO-BOY-STA,2022-09-14
t,1,CO-BOY-Sativanorte,CO-BOY-SVT,2022-09-14
t,1,CO-BOY-Sativasur,CO-BOY-SVR,2022-09-14
t,1,CO-BOY-Siachoque,CO-BOY-SCH,2022-09-14
t,1,CO-BOY-Soata,CO-BOY-SOA,2022-09-14
t,1,CO-BOY-Socha,CO-BOY-SOH,2022-09-14
t,1,CO-BOY-Socota,CO-BOY-SOT,2022-09-14
t,1,CO-BOY-Sogamoso,CO-BOY-SMG,2022-09-14
t,1,CO-BOY-Somondoco,CO-BOY-SMD,2022-09-14
t,1,CO-BOY-Sora,CO-BOY-SOR,2022-09-14
t,1,CO-BOY-Soraca,CO-BOY-SAA,2022-09-14
t,1,CO-BOY-Sotaquira,CO-BOY-SQA,2022-09-14
t,1,CO-BOY-Susacon,CO-BOY-SSN,2022-09-14
t,1,CO-BOY-Sutamarchan,CO-BOY-STN,2022-09-14
t,1,CO-BOY-Sutatenza,CO-BOY-STZ,2022-09-14
t,1,CO-BOY-Tasco,CO-BOY-TSC,2022-09-14
t,1,CO-BOY-Tenza,CO-BOY-TEZ,2022-09-14
t,1,CO-BOY-Tibana,CO-BOY-TBA,2022-09-14
t,1,CO-BOY-Tibasosa,CO-BOY-TBS,2022-09-14
t,1,CO-BOY-Tinjaca,CO-BOY-TIN,2022-09-14
t,1,CO-BOY-Tipacoque,CO-BOY-TIP,2022-09-14
t,1,CO-BOY-Toca,CO-BOY-TOC,2022-09-14
t,1,CO-BOY-Togui,CO-BOY-TOG,2022-09-14
t,1,CO-BOY-Topaga,CO-BOY-TOP,2022-09-14
t,1,CO-BOY-Tota,CO-BOY-TOT,2022-09-14
t,1,CO-BOY-Tunja,CO-BOY-TUN,2022-09-14
t,1,CO-BOY-Tunungua,CO-BOY-TNG,2022-09-14
t,1,CO-BOY-Turmeque,CO-BOY-TUR,2022-09-14
t,1,CO-BOY-Tuta,CO-BOY-TTA,2022-09-14
t,1,CO-BOY-Tutaza,CO-BOY-TTZ,2022-09-14
t,1,CO-BOY-Ventaquemada,CO-BOY-VQA,2022-09-14
t,1,CO-BOY-VillaLeyva,CO-BOY-VDL,2022-09-14
t,1,CO-BOY-Viracacha,CO-BOY-VCA,2022-09-14
t,1,CO-BOY-Zetaquira,CO-BOY-ZTA,2022-09-14
t,1,CO-CAL-Aguadas,CO-CAL-AGS,2022-09-14
t,1,CO-CAL-Anserma,CO-CAL-ANA,2022-09-14
t,1,CO-CAL-Aranzazu,CO-CAL-ARA,2022-09-14
t,1,CO-CAL-Belalcazar,CO-CAL-BEL,2022-09-14
t,1,CO-CAL-Chinchina,CO-CAL-CHC,2022-09-14
t,1,CO-CAL-Filadelfia,CO-CAL-FIL,2022-09-14
t,1,CO-CAL-LaDorada,CO-CAL-LDA,2022-09-14
t,1,CO-CAL-LaMerced,CO-CAL-LMD,2022-09-14
t,1,CO-CAL-Manizales,CO-CAL-MZS,2022-09-14
t,1,CO-CAL-Manzanares,CO-CAL-MAN,2022-09-14
t,1,CO-CAL-Marmato,CO-CAL-MMT,2022-09-14
t,1,CO-CAL-Marquetalia,CO-CAL-MAQ,2022-09-14
t,1,CO-CAL-Marulanda,CO-CAL-MAL,2022-09-14
t,1,CO-CAL-Neira,CO-CAL-NEI,2022-09-14
t,1,CO-CAL-Norcasia,CO-CAL-NOR,2022-09-14
t,1,CO-CAL-Pacora,CO-CAL-PAC,2022-09-14
t,1,CO-CAL-Palestina,CO-CAL-PAL,2022-09-14
t,1,CO-CAL-Pensilvania,CO-CAL-PEN,2022-09-14
t,1,CO-CAL-Riosucio,CO-CAL-RIO,2022-09-14
t,1,CO-CAL-Risaralda,CO-CAL-RIS,2022-09-14
t,1,CO-CAL-Salamina,CO-CAL-SLM,2022-09-14
t,1,CO-CAL-Samana,CO-CAL-SMN,2022-09-14
t,1,CO-CAL-SanJose,CO-CAL-SJS,2022-09-14
t,1,CO-CAL-Supia,CO-CAL-SUP,2022-09-14
t,1,CO-CAL-Victoria,CO-CAL-VIC,2022-09-14
t,1,CO-CAL-Villamaria,CO-CAL-VLM,2022-09-14
t,1,CO-CAL-Viterbo,CO-CAL-VIT,2022-09-14
t,1,CO-CAQ-Albania,CO-CAQ-ALB,2022-09-14
t,1,CO-CAQ-BelenAndaquies,CO-CAQ-BLA,2022-09-14
t,1,CO-CAQ-CartagenaChaira,CO-CAQ-CDC,2022-09-14
t,1,CO-CAQ-Curillo,CO-CAQ-CRO,2022-09-14
t,1,CO-CAQ-ElDoncello,CO-CAQ-EDO,2022-09-14
t,1,CO-CAQ-ElPaujil,CO-CAQ-EPL,2022-09-14
t,1,CO-CAQ-Florencia,CO-CAQ-FLA,2022-09-14
t,1,CO-CAQ-LaMontanita,CO-CAQ-LMA,2022-09-14
t,1,CO-CAQ-Milan,CO-CAQ-MLN,2022-09-14
t,1,CO-CAQ-Morelia,CO-CAQ-MOR,2022-09-14
t,1,CO-CAQ-PuertoRico,CO-CAQ-PTR,2022-09-14
t,1,CO-CAQ-SanJoseFragua,CO-CAQ-SJF,2022-09-14
t,1,CO-CAQ-SanVicenteCaguan,CO-CAQ-SVC,2022-09-14
t,1,CO-CAQ-Solano,CO-CAQ-SOL,2022-09-14
t,1,CO-CAQ-Solita,CO-CAQ-SOT,2022-09-14
t,1,CO-CAQ-Valparaiso,CO-CAQ-VAP,2022-09-14
t,1,CO-CAS-Aguazul,CO-CAS-AGA,2022-09-14
t,1,CO-CAS-Chameza,CO-CAS-CHM,2022-09-14
t,1,CO-CAS-HatoCorozal,CO-CAS-HCZ,2022-09-14
t,1,CO-CAS-LaSalina,CO-CAS-LSN,2022-09-14
t,1,CO-CAS-Mani,CO-CAS-MAN,2022-09-14
t,1,CO-CAS-Monterrey,CO-CAS-MOT,2022-09-14
t,1,CO-CAS-Nunchia,CO-CAS-NUC,2022-09-14
t,1,CO-CAS-Orocue,CO-CAS-ORO,2022-09-14
t,1,CO-CAS-PazAriporo,CO-CAS-PAP,2022-09-14
t,1,CO-CAS-Pore,CO-CAS-POR,2022-09-14
t,1,CO-CAS-Recetor,CO-CAS-REC,2022-09-14
t,1,CO-CAS-Sabanalarga,CO-CAS-SAL,2022-09-14
t,1,CO-CAS-Sacama,CO-CAS-SAC,2022-09-14
t,1,CO-CAS-SanLuisPalenque,CO-CAS-SLP,2022-09-14
t,1,CO-CAS-Tamara,CO-CAS-TAR,2022-09-14
t,1,CO-CAS-Tauramena,CO-CAS-TAU,2022-09-14
t,1,CO-CAS-Trinidad,CO-CAS-TRI,2022-09-14
t,1,CO-CAS-Villanueva,CO-CAS-VNA,2022-09-14
t,1,CO-CAS-Yopal,CO-CAS-YOP,2022-09-14
t,1,CO-CAU-Almaguer,CO-CAU-ALM,2022-09-14
t,1,CO-CAU-Argelia,CO-CAU-ARG,2022-09-14
t,1,CO-CAU-Balboa,CO-CAU-BAL,2022-09-14
t,1,CO-CAU-Bolivar,CO-CAU-BOL,2022-09-14
t,1,CO-CAU-BuenosAires,CO-CAU-BUA,2022-09-14
t,1,CO-CAU-Cajibio,CO-CAU-CAB,2022-09-14
t,1,CO-CAU-Caldono,CO-CAU-CAD,2022-09-14
t,1,CO-CAU-Caloto,CO-CAU-CAL,2022-09-14
t,1,CO-CAU-Corinto,CO-CAU-CRN,2022-09-14
t,1,CO-CAU-ElTambo,CO-CAU-ETO,2022-09-14
t,1,CO-CAU-Florencia,CO-CAU-FLO,2022-09-14
t,1,CO-CAU-Guachene,CO-CAU-GUA,2022-09-14
t,1,CO-CAU-Guapi,CO-CAU-GPI,2022-09-14
t,1,CO-CAU-Inza,CO-CAU-INZ,2022-09-14
t,1,CO-CAU-Jambalo,CO-CAU-JAM,2022-09-14
t,1,CO-CAU-LaSierra,CO-CAU-LSA,2022-09-14
t,1,CO-CAU-LaVega,CO-CAU-LVA,2022-09-14
t,1,CO-CAU-Lopez,CO-CAU-LDM,2022-09-14
t,1,CO-CAU-Mercaderes,CO-CAU-MDS,2022-09-14
t,1,CO-CAU-Miranda,CO-CAU-MRA,2022-09-14
t,1,CO-CAU-Morales,CO-CAU-MRS,2022-09-14
t,1,CO-CAU-Padilla,CO-CAU-PAD,2022-09-14
t,1,CO-CAU-Paez,CO-CAU-PAZ,2022-09-14
t,1,CO-CAU-Patia,CO-CAU-PAT,2022-09-14
t,1,CO-CAU-Piamonte,CO-CAU-PIA,2022-09-14
t,1,CO-CAU-Piendamo,CO-CAU-PIN,2022-09-14
t,1,CO-CAU-Popayan,CO-CAU-POP,2022-09-14
t,1,CO-CAU-PuertoTejada,CO-CAU-PET,2022-09-14
t,1,CO-CAU-Purace,CO-CAU-PUR,2022-09-14
t,1,CO-CAU-Rosas,CO-CAU-RSA,2022-09-14
t,1,CO-CAU-SanSebastian,CO-CAU-SBN,2022-09-14
t,1,CO-CAU-SantaRosa,CO-CAU-SRA,2022-09-14
t,1,CO-CAU-SantanderQuilichao,CO-CAU-SDQ,2022-09-14
t,1,CO-CAU-Silvia,CO-CAU-SVA,2022-09-14
t,1,CO-CAU-Sotara,CO-CAU-SPA,2022-09-14
t,1,CO-CAU-Suarez,CO-CAU-SAZ,2022-09-14
t,1,CO-CAU-Sucre,CO-CAU-SCR,2022-09-14
t,1,CO-CAU-Timbio,CO-CAU-TBO,2022-09-14
t,1,CO-CAU-Timbiqui,CO-CAU-TBQ,2022-09-14
t,1,CO-CAU-Toribio,CO-CAU-TOB,2022-09-14
t,1,CO-CAU-Totoro,CO-CAU-TOR,2022-09-14
t,1,CO-CAU-VillaRica,CO-CAU-VRA,2022-09-14
t,1,CO-CES-Aguachica,CO-CES-ACA,2022-09-14
t,1,CO-CES-AgustinCodazzi,CO-CES-ACZ,2022-09-14
t,1,CO-CES-Astrea,CO-CES-ATA,2022-09-14
t,1,CO-CES-Becerril,CO-CES-CRL,2022-09-14
t,1,CO-CES-Bosconia,CO-CES-BCA,2022-09-14
t,1,CO-CES-Chimichagua,CO-CES-CCA,2022-09-14
t,1,CO-CES-Chiriguana,CO-CES-CRA,2022-09-14
t,1,CO-CES-Curumani,CO-CES-CRI,2022-09-14
t,1,CO-CES-ElCopey,CO-CES-ECY,2022-09-14
t,1,CO-CES-ElPaso,CO-CES-ELO,2022-09-14
t,1,CO-CES-Gamarra,CO-CES-GMA,2022-09-14
t,1,CO-CES-Gonzalez,CO-CES-GZZ,2022-09-14
t,1,CO-CES-LaGloria,CO-CES-LGA,2022-09-14
t,1,CO-CES-LaJaguaIbirico,CO-CES-LJI,2022-09-14
t,1,CO-CES-LaPaz,CO-CES-LPZ,2022-09-14
t,1,CO-CES-ManaureBalconCesar,CO-CES-MBC,2022-09-14
t,1,CO-CES-Pailitas,CO-CES-PLS,2022-09-14
t,1,CO-CES-Pelaya,CO-CES-PLY,2022-09-14
t,1,CO-CES-PuebloBello,CO-CES-PBL,2022-09-14
t,1,CO-CES-RioOro,CO-CES-RDO,2022-09-14
t,1,CO-CES-SanAlberto,CO-CES-SAT,2022-09-14
t,1,CO-CES-SanDiego,CO-CES-SDO,2022-09-14
t,1,CO-CES-SanMartin,CO-CES-SMN,2022-09-14
t,1,CO-CES-Tamalameque,CO-CES-TME,2022-09-14
t,1,CO-CES-Valledupar,CO-CES-VLR,2022-09-14
t,1,CO-CHO-Acandi,CO-CHO-ANI,2022-09-14
t,1,CO-CHO-AltoBaudo,CO-CHO-ABO,2022-09-14
t,1,CO-CHO-Bagado,CO-CHO-BGO,2022-09-14
t,1,CO-CHO-BahiaSolano,CO-CHO-BSO,2022-09-14
t,1,CO-CHO-BajoBaudo,CO-CHO-BBO,2022-09-14
t,1,CO-CHO-Bojaya,CO-CHO-BJA,2022-09-14
t,1,CO-CHO-CarmenDarien,CO-CHO-CDD,2022-09-14
t,1,CO-CHO-Certegui,CO-CHO-CET,2022-09-14
t,1,CO-CHO-Condoto,CO-CHO-CON,2022-09-14
t,1,CO-CHO-ElAtrato,CO-CHO-ATT,2022-09-14
t,1,CO-CHO-ElCantonSanPablo,CO-CHO-ECS,2022-09-14
t,1,CO-CHO-ElCarmenAtrato,CO-CHO-ECA,2022-09-14
t,1,CO-CHO-ElLitoralSanJuan,CO-CHO-ELS,2022-09-14
t,1,CO-CHO-Istmina,CO-CHO-ITA,2022-09-14
t,1,CO-CHO-Jurado,CO-CHO-JRO,2022-09-14
t,1,CO-CHO-LasAnimas,CO-CHO-UPA,2022-09-14
t,1,CO-CHO-Lloro,CO-CHO-LLO,2022-09-14
t,1,CO-CHO-MedioAtrato,CO-CHO-MAO,2022-09-14
t,1,CO-CHO-MedioBaudo,CO-CHO-MBO,2022-09-14
t,1,CO-CHO-MedioSanJuan,CO-CHO-MSJ,2022-09-14
t,1,CO-CHO-Novita,CO-CHO-NVA,2022-09-14
t,1,CO-CHO-Nuqui,CO-CHO-NUI,2022-09-14
t,1,CO-CHO-Paimado,CO-CHO-RQO,2022-09-14
t,1,CO-CHO-Quibdo,CO-CHO-QBO,2022-09-14
t,1,CO-CHO-RioIro,CO-CHO-RIO,2022-09-14
t,1,CO-CHO-Riosucio,CO-CHO-RSO,2022-09-14
t,1,CO-CHO-SanJosePalmar,CO-CHO-SJP,2022-09-14
t,1,CO-CHO-Sipi,CO-CHO-SPI,2022-09-14
t,1,CO-CHO-Tado,CO-CHO-TDO,2022-09-14
t,1,CO-CHO-Unguia,CO-CHO-UGA,2022-09-14
t,1,CO-COR-Ayapel,CO-COR-AYL,2022-09-14
t,1,CO-COR-Buenavista,CO-COR-BNA,2022-09-14
t,1,CO-COR-Canalete,CO-COR-CLE,2022-09-14
t,1,CO-COR-Cerete,CO-COR-CRE,2022-09-14
t,1,CO-COR-Chima,CO-COR-CHM,2022-09-14
t,1,CO-COR-Chinu,CO-COR-CHU,2022-09-14
t,1,CO-COR-CienagaOro,CO-COR-CDO,2022-09-14
t,1,CO-COR-Cotorra,CO-COR-COA,2022-09-14
t,1,CO-COR-LaApartada,CO-COR-LAA,2022-09-14
t,1,CO-COR-Lorica,CO-COR-LIA,2022-09-14
t,1,CO-COR-LosCordobas,CO-COR-LCS,2022-09-14
t,1,CO-COR-Momil,CO-COR-MML,2022-09-14
t,1,CO-COR-Monitos,CO-COR-MTS,2022-09-14
t,1,CO-COR-Montelibano,CO-COR-MTN,2022-09-14
t,1,CO-COR-Monteria,CO-COR-MTA,2022-09-14
t,1,CO-COR-PlanetaRica,CO-COR-PRA,2022-09-14
t,1,CO-COR-PuebloNuevo,CO-COR-PNO,2022-09-14
t,1,CO-COR-PuertoEscondido,CO-COR-PEO,2022-09-14
t,1,CO-COR-PuertoLibertador,CO-COR-PLR,2022-09-14
t,1,CO-COR-Purisima,CO-COR-PDC,2022-09-14
t,1,CO-COR-Sahagun,CO-COR-SHN,2022-09-14
t,1,CO-COR-SanAndresSotavento,CO-COR-SAS,2022-09-14
t,1,CO-COR-SanAntero,CO-COR-SAO,2022-09-14
t,1,CO-COR-SanBernardoViento,CO-COR-SBV,2022-09-14
t,1,CO-COR-SanCarlos,CO-COR-SCS,2022-09-14
t,1,CO-COR-SanJoseUre,CO-COR-SJU,2022-09-14
t,1,CO-COR-SanPelayo,CO-COR-SPY,2022-09-14
t,1,CO-COR-Tierralta,CO-COR-TRT,2022-09-14
t,1,CO-COR-Tuchin,CO-COR-TUI,2022-09-14
t,1,CO-COR-Valencia,CO-COR-VAL,2022-09-14
t,1,CO-CUN-AguaDios,CO-CUN-ADD,2022-09-14
t,1,CO-CUN-Alban,CO-CUN-ALN,2022-09-14
t,1,CO-CUN-Anapoima,CO-CUN-ANM,2022-09-14
t,1,CO-CUN-Anolaima,CO-CUN-ALA,2022-09-14
t,1,CO-CUN-Apulo,CO-CUN-APO,2022-09-14
t,1,CO-CUN-Arbelaez,CO-CUN-ARZ,2022-09-14
t,1,CO-CUN-Beltran,CO-CUN-BLM,2022-09-14
t,1,CO-CUN-Bituima,CO-CUN-BIT,2022-09-14
t,1,CO-CUN-Bojaca,CO-CUN-BOJ,2022-09-14
t,1,CO-CUN-Cabrera,CO-CUN-CAB,2022-09-14
t,1,CO-CUN-Cachipay,CO-CUN-CAC,2022-09-14
t,1,CO-CUN-Cajica,CO-CUN-CAJ,2022-09-14
t,1,CO-CUN-Caparrapi,CO-CUN-CAP,2022-09-14
t,1,CO-CUN-Caqueza,CO-CUN-CAQ,2022-09-14
t,1,CO-CUN-CarmenCarupa,CO-CUN-CDC,2022-09-14
t,1,CO-CUN-Chaguani,CO-CUN-CGI,2022-09-14
t,1,CO-CUN-Chia,CO-CUN-CHA,2022-09-14
t,1,CO-CUN-Chipaque,CO-CUN-CHE,2022-09-14
t,1,CO-CUN-Choachi,CO-CUN-CHH,2022-09-14
t,1,CO-CUN-Choconta,CO-CUN-CHT,2022-09-14
t,1,CO-CUN-Cogua,CO-CUN-COU,2022-09-14
t,1,CO-CUN-Cota,CO-CUN-CTA,2022-09-14
t,1,CO-CUN-Cucunuba,CO-CUN-CNB,2022-09-14
t,1,CO-CUN-ElColegio,CO-CUN-ECO,2022-09-14
t,1,CO-CUN-ElPenon,CO-CUN-EPN,2022-09-14
t,1,CO-CUN-ElRosal,CO-CUN-ERL,2022-09-14
t,1,CO-CUN-Facatativa,CO-CUN-FTA,2022-09-14
t,1,CO-CUN-Fomeque,CO-CUN-FME,2022-09-14
t,1,CO-CUN-Fosca,CO-CUN-FOC,2022-09-14
t,1,CO-CUN-Funza,CO-CUN-FZA,2022-09-14
t,1,CO-CUN-Fuquene,CO-CUN-FUQ,2022-09-14
t,1,CO-CUN-Fusagasuga,CO-CUN-FGA,2022-09-14
t,1,CO-CUN-Gachala,CO-CUN-GAC,2022-09-14
t,1,CO-CUN-Gachancipa,CO-CUN-GAH,2022-09-14
t,1,CO-CUN-Gacheta,CO-CUN-GAT,2022-09-14
t,1,CO-CUN-Gama,CO-CUN-GAM,2022-09-14
t,1,CO-CUN-Girardot,CO-CUN-GIR,2022-09-14
t,1,CO-CUN-Granada,CO-CUN-GRA,2022-09-14
t,1,CO-CUN-Guacheta,CO-CUN-GUA,2022-09-14
t,1,CO-CUN-Guaduas,CO-CUN-GAD,2022-09-14
t,1,CO-CUN-Guasca,CO-CUN-GAS,2022-09-14
t,1,CO-CUN-Guataqui,CO-CUN-GTQ,2022-09-14
t,1,CO-CUN-Guatavita,CO-CUN-GTA,2022-09-14
t,1,CO-CUN-GuayabalSiquima,CO-CUN-GDS,2022-09-14
t,1,CO-CUN-Guayabetal,CO-CUN-GYL,2022-09-14
t,1,CO-CUN-Gutierrez,CO-CUN-GTZ,2022-09-14
t,1,CO-CUN-Jerusalen,CO-CUN-JRN,2022-09-14
t,1,CO-CUN-Junin,CO-CUN-JNN,2022-09-14
t,1,CO-CUN-LaCalera,CO-CUN-LCA,2022-09-14
t,1,CO-CUN-LaMesa,CO-CUN-LMA,2022-09-14
t,1,CO-CUN-LaPalma,CO-CUN-LPA,2022-09-14
t,1,CO-CUN-LaPena,CO-CUN-LPN,2022-09-14
t,1,CO-CUN-LaVega,CO-CUN-LVA,2022-09-14
t,1,CO-CUN-Lenguazaque,CO-CUN-LGQ,2022-09-14
t,1,CO-CUN-Macheta,CO-CUN-MHA,2022-09-14
t,1,CO-CUN-Madrid,CO-CUN-MDD,2022-09-14
t,1,CO-CUN-Manta,CO-CUN-MAA,2022-09-14
t,1,CO-CUN-Medina,CO-CUN-MED,2022-09-14
t,1,CO-CUN-Mosquera,CO-CUN-MOS,2022-09-14
t,1,CO-CUN-Narino,CO-CUN-NAR,2022-09-14
t,1,CO-CUN-Nemocon,CO-CUN-NEC,2022-09-14
t,1,CO-CUN-Nilo,CO-CUN-NIL,2022-09-14
t,1,CO-CUN-Nimaima,CO-CUN-NIA,2022-09-14
t,1,CO-CUN-Nocaima,CO-CUN-NCM,2022-09-14
t,1,CO-CUN-Pacho,CO-CUN-PAH,2022-09-14
t,1,CO-CUN-Paime,CO-CUN-PAM,2022-09-14
t,1,CO-CUN-Pandi,CO-CUN-PAD,2022-09-14
t,1,CO-CUN-Paratebueno,CO-CUN-PAT,2022-09-14
t,1,CO-CUN-Pasca,CO-CUN-PAS,2022-09-14
t,1,CO-CUN-PuertoSalgar,CO-CUN-PSR,2022-09-14
t,1,CO-CUN-Puli,CO-CUN-PUI,2022-09-14
t,1,CO-CUN-Quebradanegra,CO-CUN-QNA,2022-09-14
t,1,CO-CUN-Quetame,CO-CUN-QTM,2022-09-14
t,1,CO-CUN-Quipile,CO-CUN-QUP,2022-09-14
t,1,CO-CUN-Ricaurte,CO-CUN-RCT,2022-09-14
t,1,CO-CUN-SanAntonioTequendama,CO-CUN-SAT,2022-09-14
t,1,CO-CUN-SanBernardo,CO-CUN-SBO,2022-09-14
t,1,CO-CUN-SanCayetano,CO-CUN-SCY,2022-09-14
t,1,CO-CUN-SanFrancisco,CO-CUN-SFO,2022-09-14
t,1,CO-CUN-SanJuanRioseco,CO-CUN-SJR,2022-09-14
t,1,CO-CUN-Sasaima,CO-CUN-SAS,2022-09-14
t,1,CO-CUN-Sesquile,CO-CUN-SQE,2022-09-14
t,1,CO-CUN-Sibate,CO-CUN-SIB,2022-09-14
t,1,CO-CUN-Silvania,CO-CUN-SIL,2022-09-14
t,1,CO-CUN-Simijaca,CO-CUN-SIM,2022-09-14
t,1,CO-CUN-Soacha,CO-CUN-SOH,2022-09-14
t,1,CO-CUN-Sopo,CO-CUN-SOP,2022-09-14
t,1,CO-CUN-Subachoque,CO-CUN-SUB,2022-09-14
t,1,CO-CUN-Suesca,CO-CUN-SSA,2022-09-14
t,1,CO-CUN-Supata,CO-CUN-SPA,2022-09-14
t,1,CO-CUN-Susa,CO-CUN-SUS,2022-09-14
t,1,CO-CUN-Sutatausa,CO-CUN-STA,2022-09-14
t,1,CO-CUN-Tabio,CO-CUN-TBO,2022-09-14
t,1,CO-CUN-Tausa,CO-CUN-TSA,2022-09-14
t,1,CO-CUN-Tena,CO-CUN-TNA,2022-09-14
t,1,CO-CUN-Tenjo,CO-CUN-TNO,2022-09-14
t,1,CO-CUN-Tibacuy,CO-CUN-YBY,2022-09-14
t,1,CO-CUN-Tibirita,CO-CUN-TBA,2022-09-14
t,1,CO-CUN-Tocaima,CO-CUN-TOC,2022-09-14
t,1,CO-CUN-Tocancipa,CO-CUN-TON,2022-09-14
t,1,CO-CUN-Topaipi,CO-CUN-TOP,2022-09-14
t,1,CO-CUN-Ubala,CO-CUN-UBA,2022-09-14
t,1,CO-CUN-Ubaque,CO-CUN-UBQ,2022-09-14
t,1,CO-CUN-Ubate,CO-CUN-VSU,2022-09-14
t,1,CO-CUN-Une,CO-CUN-UNE,2022-09-14
t,1,CO-CUN-Utica,CO-CUN-UTC,2022-09-14
t,1,CO-CUN-Venecia,CO-CUN-VNE,2022-09-14
t,1,CO-CUN-Vergara,CO-CUN-VER,2022-09-14
t,1,CO-CUN-Viani,CO-CUN-VIA,2022-09-14
t,1,CO-CUN-Villagomez,CO-CUN-VGZ,2022-09-14
t,1,CO-CUN-Villapinzon,CO-CUN-VPN,2022-09-14
t,1,CO-CUN-Villeta,CO-CUN-VLA,2022-09-14
t,1,CO-CUN-Viota,CO-CUN-VIO,2022-09-14
t,1,CO-CUN-Yacopi,CO-CUN-YCP,2022-09-14
t,1,CO-CUN-Zipacon,CO-CUN-ZCN,2022-09-14
t,1,CO-CUN-Zipaquira,CO-CUN-ZQA,2022-09-14
t,1,CO-DC-Bogota,CO-DC-BOG,2022-09-14
t,1,CO-GUA-Barrancominas,CO-GUA-BNS,2022-09-14
t,1,CO-GUA-Cacahual,CO-GUA-CHL,2022-09-14
t,1,CO-GUA-Inirida,CO-GUA-IRA,2022-09-14
t,1,CO-GUA-LaGuadalupe,CO-GUA-LGE,2022-09-14
t,1,CO-GUA-MorichalNuevo,CO-GUA-MRL,2022-09-14
t,1,CO-GUA-PanaPana,CO-GUA-PPA,2022-09-14
t,1,CO-GUA-PuertoColombia,CO-GUA-PTC,2022-09-14
t,1,CO-GUA-SanFelipe,CO-GUA-SFE,2022-09-14
t,1,CO-GUV-Calamar,CO-GUV-CLR,2022-09-14
t,1,CO-GUV-ElRetorno,CO-GUV-ERN,2022-09-14
t,1,CO-GUV-Miraflores,CO-GUV-MFS,2022-09-14
t,1,CO-GUV-SanJoseGuaviare,CO-GUV-SJG,2022-09-14
t,1,CO-HUI-Acevedo,CO-HUI-AVO,2022-09-14
t,1,CO-HUI-Agrado,CO-HUI-ARO,2022-09-14
t,1,CO-HUI-Aipe,CO-HUI-APE,2022-09-14
t,1,CO-HUI-Algeciras,CO-HUI-AGS,2022-09-14
t,1,CO-HUI-Altamira,CO-HUI-ATA,2022-09-14
t,1,CO-HUI-Baraya,CO-HUI-BRY,2022-09-14
t,1,CO-HUI-Campoalegre,CO-HUI-CAM,2022-09-14
t,1,CO-HUI-Colombia,CO-HUI-CLM,2022-09-14
t,1,CO-HUI-Elias,CO-HUI-ELS,2022-09-14
t,1,CO-HUI-Garzon,CO-HUI-GZN,2022-09-14
t,1,CO-HUI-Gigante,CO-HUI-GNE,2022-09-14
t,1,CO-HUI-Guadalupe,CO-HUI-GDP,2022-09-14
t,1,CO-HUI-Hobo,CO-HUI-HOB,2022-09-14
t,1,CO-HUI-Iquira,CO-HUI-IQR,2022-09-14
t,1,CO-HUI-Isnos,CO-HUI-INS,2022-09-14
t,1,CO-HUI-LaArgentina,CO-HUI-LAN,2022-09-14
t,1,CO-HUI-LaPlata,CO-HUI-LPT,2022-09-14
t,1,CO-HUI-Nataga,CO-HUI-NTA,2022-09-14
t,1,CO-HUI-Neiva,CO-HUI-NEA,2022-09-14
t,1,CO-HUI-Oporapa,CO-HUI-OṔA,2022-09-14
t,1,CO-HUI-Paicol,CO-HUI-PAC,2022-09-14
t,1,CO-HUI-Palermo,CO-HUI-PAL,2022-09-14
t,1,CO-HUI-Palestina,CO-HUI-PAE,2022-09-14
t,1,CO-HUI-Pital,CO-HUI-PIT,2022-09-14
t,1,CO-HUI-Pitalito,CO-HUI-PTT,2022-09-14
t,1,CO-HUI-Rivera,CO-HUI-RVA,2022-09-14
t,1,CO-HUI-Saladoblanco,CO-HUI-SDB,2022-09-14
t,1,CO-HUI-SanAgustin,CO-HUI-SAN,2022-09-14
t,1,CO-HUI-SantaMaria,CO-HUI-SMA,2022-09-14
t,1,CO-HUI-Suaza,CO-HUI-SAZ,2022-09-14
t,1,CO-HUI-Tarqui,CO-HUI-TQI,2022-09-14
t,1,CO-HUI-Tello,CO-HUI-TEL,2022-09-14
t,1,CO-HUI-Teruel,CO-HUI-TRL,2022-09-14
t,1,CO-HUI-Tesalia,CO-HUI-TSA,2022-09-14
t,1,CO-HUI-Timana,CO-HUI-TIN,2022-09-14
t,1,CO-HUI-Villavieja,CO-HUI-VIV,2022-09-14
t,1,CO-HUI-Yaguara,CO-HUI-YAG,2022-09-14
t,1,CO-LAG-Albania,CO-LAG-ALB,2022-09-14
t,1,CO-LAG-Barrancas,CO-LAG-BRS,2022-09-14
t,1,CO-LAG-Dibulla,CO-LAG-DIB,2022-09-14
t,1,CO-LAG-Distraccion,CO-LAG-DIS,2022-09-14
t,1,CO-LAG-ElMolino,CO-LAG-EMO,2022-09-14
t,1,CO-LAG-Fonseca,CO-LAG-FON,2022-09-14
t,1,CO-LAG-HatoNuevo,CO-LAG-HNV,2022-09-14
t,1,CO-LAG-LaJaguaPilar,CO-LAG-LJP,2022-09-14
t,1,CO-LAG-Maicao,CO-LAG-MAC,2022-09-14
t,1,CO-LAG-Manaure,CO-LAG-MAN,2022-09-14
t,1,CO-LAG-Riohacha,CO-LAG-RHA,2022-09-14
t,1,CO-LAG-SanJuanCesar,CO-LAG-SJC,2022-09-14
t,1,CO-LAG-Uribia,CO-LAG-URA,2022-09-14
t,1,CO-LAG-Urumita,CO-LAG-URT,2022-09-14
t,1,CO-LAG-Villanueva,CO-LAG-VLV,2022-09-14
t,1,CO-MAG-Algarrobo,CO-MAG-ARO,2022-09-14
t,1,CO-MAG-Aracataca,CO-MAG-ACA,2022-09-14
t,1,CO-MAG-Ariguani,CO-MAG-AGI,2022-09-14
t,1,CO-MAG-CerroSanAntonio,CO-MAG-CSA,2022-09-14
t,1,CO-MAG-Chibolo,CO-MAG-CHL,2022-09-14
t,1,CO-MAG-Cienaga,CO-MAG-CNA,2022-09-14
t,1,CO-MAG-Concordia,CO-MAG-CON,2022-09-14
t,1,CO-MAG-ElBanco,CO-MAG-EBO,2022-09-14
t,1,CO-MAG-ElPinon,CO-MAG-EPN,2022-09-14
t,1,CO-MAG-ElReten,CO-MAG-ERN,2022-09-14
t,1,CO-MAG-Fundacion,CO-MAG-FDN,2022-09-14
t,1,CO-MAG-Guamal,CO-MAG-GML,2022-09-14
t,1,CO-MAG-NuevaGranada,CO-MAG-NGA,2022-09-14
t,1,CO-MAG-Pedraza,CO-MAG-PDZ,2022-09-14
t,1,CO-MAG-PijinoCarmen,CO-MAG-PJC,2022-09-14
t,1,CO-MAG-Pivijay,CO-MAG-PIV,2022-09-14
t,1,CO-MAG-Plato,CO-MAG-PLT,2022-09-14
t,1,CO-MAG-Puebloviejo,CO-MAG-PUV,2022-09-14
t,1,CO-MAG-Remolino,CO-MAG-RMO,2022-09-14
t,1,CO-MAG-SabanasSanAngel,CO-MAG-SSA,2022-09-14
t,1,CO-MAG-Salamina,CO-MAG-SAL,2022-09-14
t,1,CO-MAG-SanSebastianBuenavista,CO-MAG-SSB,2022-09-14
t,1,CO-MAG-SanZenon,CO-MAG-SZN,2022-09-14
t,1,CO-MAG-SantaAna,CO-MAG-STA,2022-09-14
t,1,CO-MAG-SantaBarbaraPinto,CO-MAG-SBP,2022-09-14
t,1,CO-MAG-SantaMarta,CO-MAG-SMT,2022-09-14
t,1,CO-MAG-Sitionuevo,CO-MAG-STN,2022-09-14
t,1,CO-MAG-Tenerife,CO-MAG-TRF,2022-09-14
t,1,CO-MAG-Zapayan,CO-MAG-ZPN,2022-09-14
t,1,CO-MAG-ZonaBananera,CO-MAG-ZBN,2022-09-14
t,1,CO-MET-Acacias,CO-MET-ACS,2022-09-14
t,1,CO-MET-BarrancaUpia,CO-MET-BDU,2022-09-14
t,1,CO-MET-Cabuyaro,CO-MET-CAY,2022-09-14
t,1,CO-MET-CastillaNueva,CO-MET-CLN,2022-09-14
t,1,CO-MET-Cubarral,CO-MET-CUB,2022-09-14
t,1,CO-MET-Cumaral,CO-MET-CUM,2022-09-14
t,1,CO-MET-ElCalvario,CO-MET-ECO,2022-09-14
t,1,CO-MET-ElCastillo,CO-MET-ECL,2022-09-14
t,1,CO-MET-ElDorado,CO-MET-EDD,2022-09-14
t,1,CO-MET-FuenteOro,CO-MET-FDO,2022-09-14
t,1,CO-MET-Granada,CO-MET-GRA,2022-09-14
t,1,CO-MET-Guamal,CO-MET-GML,2022-09-14
t,1,CO-MET-LaMacarena,CO-MET-LMA,2022-09-14
t,1,CO-MET-Lejanias,CO-MET-LJS,2022-09-14
t,1,CO-MET-Mapiripan,CO-MET-MAN,2022-09-14
t,1,CO-MET-Mesetas,CO-MET-MES,2022-09-14
t,1,CO-MET-PuertoCarreno,CO-MET-PGN,2022-09-14
t,1,CO-MET-PuertoConcordia,CO-MET-PCD,2022-09-14
t,1,CO-MET-PuertoLleras,CO-MET-PLL,2022-09-14
t,1,CO-MET-PuertoLopez,CO-MET-PLZ,2022-09-14
t,1,CO-MET-PuertoRico,CO-MET-PRO,2022-09-14
t,1,CO-MET-Restrepo,CO-MET-RES,2022-09-14
t,1,CO-MET-SanCarlosGuaroa,CO-MET-SCG,2022-09-14
t,1,CO-MET-SanJuanArama,CO-MET-SJA,2022-09-14
t,1,CO-MET-SanJuanito,CO-MET-SJT,2022-09-14
t,1,CO-MET-SanMartin,CO-MET-SMN,2022-09-14
t,1,CO-MET-Uribe,CO-MET-URI,2022-09-14
t,1,CO-MET-Villavicencio,CO-MET-VLV,2022-09-14
t,1,CO-MET-VistaHermosa,CO-MET-VHS,2022-09-14
t,1,CO-NAR-Alban,CO-NAR-ALB,2022-09-14
t,1,CO-NAR-Aldana,CO-NAR-AND,2022-09-14
t,1,CO-NAR-Ancuya,CO-NAR-ANY,2022-09-14
t,1,CO-NAR-Arboleda,CO-NAR-ARB,2022-09-14
t,1,CO-NAR-Barbacoas,CO-NAR-BAR,2022-09-14
t,1,CO-NAR-Belen,CO-NAR-BEL,2022-09-14
t,1,CO-NAR-Buesaco,CO-NAR-BUC,2022-09-14
t,1,CO-NAR-Chachagui,CO-NAR-CHA,2022-09-14
t,1,CO-NAR-Colon,CO-NAR-COL,2022-09-14
t,1,CO-NAR-Consaca,CO-NAR-CON,2022-09-14
t,1,CO-NAR-Contadero,CO-NAR-COT,2022-09-14
t,1,CO-NAR-Cordoba,CO-NAR-COR,2022-09-14
t,1,CO-NAR-Cuaspud,CO-NAR-CCA,2022-09-14
t,1,CO-NAR-Cumbal,CO-NAR-CUM,2022-09-14
t,1,CO-NAR-Cumbitara,CO-NAR-CUB,2022-09-14
t,1,CO-NAR-ElCharco,CO-NAR-ECH,2022-09-14
t,1,CO-NAR-ElPenol,CO-NAR-EPN,2022-09-14
t,1,CO-NAR-ElRosario,CO-NAR-ERI,2022-09-14
t,1,CO-NAR-ElTablonGomez,CO-NAR-ETG,2022-09-14
t,1,CO-NAR-ElTambo,CO-NAR-ETO,2022-09-14
t,1,CO-NAR-FranciscoPizarro,CO-NAR-FPR,2022-09-14
t,1,CO-NAR-Funes,CO-NAR-FUN,2022-09-14
t,1,CO-NAR-Guachucal,CO-NAR-GUH,2022-09-14
t,1,CO-NAR-Guaitarilla,CO-NAR-GUI,2022-09-14
t,1,CO-NAR-Gualmatan,CO-NAR-GUL,2022-09-14
t,1,CO-NAR-Iles,CO-NAR-ILS,2022-09-14
t,1,CO-NAR-Imues,CO-NAR-IMS,2022-09-14
t,1,CO-NAR-Ipiales,CO-NAR-IPL,2022-09-14
t,1,CO-NAR-LaCruz,CO-NAR-LCZ,2022-09-14
t,1,CO-NAR-LaFlorida,CO-NAR-LFR,2022-09-14
t,1,CO-NAR-LaLlanada,CO-NAR-LLA,2022-09-14
t,1,CO-NAR-LaTola,CO-NAR-LTL,2022-09-14
t,1,CO-NAR-LaUnion,CO-NAR-LUN,2022-09-14
t,1,CO-NAR-Leiva,CO-NAR-LEI,2022-09-14
t,1,CO-NAR-Linares,CO-NAR-LIN,2022-09-14
t,1,CO-NAR-LosAndesSotomayor,CO-NAR-LAS,2022-09-14
t,1,CO-NAR-MaguiPayan,CO-NAR-MGI,2022-09-14
t,1,CO-NAR-Mallama,CO-NAR-MLM,2022-09-14
t,1,CO-NAR-Mosquera,CO-NAR-MOS,2022-09-14
t,1,CO-NAR-Narino,CO-NAR-NAR,2022-09-14
t,1,CO-NAR-OlayaHerrera,CO-NAR-OHA,2022-09-14
t,1,CO-NAR-Ospina,CO-NAR-OSA,2022-09-14
t,1,CO-NAR-Pasto,CO-NAR-PAS,2022-09-14
t,1,CO-NAR-Policarpa,CO-NAR-PLA,2022-09-14
t,1,CO-NAR-Potosi,CO-NAR-POT,2022-09-14
t,1,CO-NAR-Providencia,CO-NAR-PRO,2022-09-14
t,1,CO-NAR-Puerres,CO-NAR-PUE,2022-09-14
t,1,CO-NAR-Pupiales,CO-NAR-PUP,2022-09-14
t,1,CO-NAR-Ricaurte,CO-NAR-RIC,2022-09-14
t,1,CO-NAR-RobertoPayan,CO-NAR-RPY,2022-09-14
t,1,CO-NAR-Samaniego,CO-NAR-SMN,2022-09-14
t,1,CO-NAR-SanBernardo,CO-NAR-SBO,2022-09-14
t,1,CO-NAR-SanLorenzo,CO-NAR-SLZ,2022-09-14
t,1,CO-NAR-SanPablo,CO-NAR-SPB,2022-09-14
t,1,CO-NAR-SanPedroCartago,CO-NAR-SPC,2022-09-14
t,1,CO-NAR-Sandona,CO-NAR-SDA,2022-09-14
t,1,CO-NAR-SantaBarbara,CO-NAR-SBA,2022-09-14
t,1,CO-NAR-Santacruz,CO-NAR-SCZ,2022-09-14
t,1,CO-NAR-Sapuyes,CO-NAR-SPY,2022-09-14
t,1,CO-NAR-Taminango,CO-NAR-TMG,2022-09-14
t,1,CO-NAR-Tangua,CO-NAR-TGA,2022-09-14
t,1,CO-NAR-Tumaco,CO-NAR-SAT,2022-09-14
t,1,CO-NAR-Tuquerres,CO-NAR-TUQ,2022-09-14
t,1,CO-NAR-Yacuanquer,CO-NAR-YNR,2022-09-14
t,1,CO-NSA-Abrego,CO-NSA-ARO,2022-09-14
t,1,CO-NSA-Arboledas,CO-NSA-ARB,2022-09-14
t,1,CO-NSA-Bochalema,CO-NSA-BCH,2022-09-14
t,1,CO-NSA-Bucarasica,CO-NSA-BUS,2022-09-14
t,1,CO-NSA-Cachira,CO-NSA-CHR,2022-09-14
t,1,CO-NSA-Cacota,CO-NSA-CAT,2022-09-14
t,1,CO-NSA-Chinacota,CO-NSA-CHA,2022-09-14
t,1,CO-NSA-Chitaga,CO-NSA-CHT,2022-09-14
t,1,CO-NSA-Convencion,CO-NSA-CON,2022-09-14
t,1,CO-NSA-Cucuta,CO-NSA-SJC,2022-09-14
t,1,CO-NSA-Cucutilla,CO-NSA-CUC,2022-09-14
t,1,CO-NSA-Durania,CO-NSA-DUR,2022-09-14
t,1,CO-NSA-ElCarmen,CO-NSA-ECN,2022-09-14
t,1,CO-NSA-ElTarra,CO-NSA-ETA,2022-09-14
t,1,CO-NSA-ElZulia,CO-NSA-EZA,2022-09-14
t,1,CO-NSA-Gramalote,CO-NSA-GME,2022-09-14
t,1,CO-NSA-Hacari,CO-NSA-HAI,2022-09-14
t,1,CO-NSA-Herran,CO-NSA-HRN,2022-09-14
t,1,CO-NSA-LaEsperanza,CO-NSA-LEZ,2022-09-14
t,1,CO-NSA-LaPlayaBelen,CO-NSA-LPY,2022-09-14
t,1,CO-NSA-Labateca,CO-NSA-LBA,2022-09-14
t,1,CO-NSA-LosPatios,CO-NSA-LPS,2022-09-14
t,1,CO-NSA-Lourdes,CO-NSA-LRS,2022-09-14
t,1,CO-NSA-Mutiscua,CO-NSA-MTA,2022-09-14
t,1,CO-NSA-Ocana,CO-NSA-OCN,2022-09-14
t,1,CO-NSA-Pamplona,CO-NSA-PAM,2022-09-14
t,1,CO-NSA-Pamplonita,CO-NSA-PPA,2022-09-14
t,1,CO-NSA-PuertoSantander,CO-NSA-PST,2022-09-14
t,1,CO-NSA-Ragonvalia,CO-NSA-RAG,2022-09-14
t,1,CO-NSA-Salazar,CO-NSA-SAZ,2022-09-14
t,1,CO-NSA-SanCalixto,CO-NSA-SNX,2022-09-14
t,1,CO-NSA-SanCayetano,CO-NSA-SCY,2022-09-14
t,1,CO-NSA-Santiago,CO-NSA-STG,2022-09-14
t,1,CO-NSA-Sardinata,CO-NSA-SAR,2022-09-14
t,1,CO-NSA-Silos,CO-NSA-SIL,2022-09-14
t,1,CO-NSA-Teorama,CO-NSA-TEO,2022-09-14
t,1,CO-NSA-Tibu,CO-NSA-TIB,2022-09-14
t,1,CO-NSA-Toledo,CO-NSA-TOL,2022-09-14
t,1,CO-NSA-VillaCaro,CO-NSA-VCO,2022-09-14
t,1,CO-NSA-VillaRosario,CO-NSA-VSR,2022-09-14
t,1,CO-PUT-Colon,CO-PUT-COL,2022-09-14
t,1,CO-PUT-Mocoa,CO-PUT-MOC,2022-09-14
t,1,CO-PUT-Orito,CO-PUT-ORI,2022-09-14
t,1,CO-PUT-PuertoAsis,CO-PUT-PAS,2022-09-14
t,1,CO-PUT-PuertoCaicedo,CO-PUT-PCO,2022-09-14
t,1,CO-PUT-PuertoGuzman,CO-PUT-PGZ,2022-09-14
t,1,CO-PUT-PuertoLeguizamo,CO-PUT-PLZ,2022-09-14
t,1,CO-PUT-SanFrancisco,CO-PUT-SFC,2022-09-14
t,1,CO-PUT-SanMiguel,CO-PUT-SMG,2022-09-14
t,1,CO-PUT-Santiago,CO-PUT-STG,2022-09-14
t,1,CO-PUT-Sibundoy,CO-PUT-SIB,2022-09-14
t,1,CO-PUT-ValleGuamuez,CO-PUT-VDG,2022-09-14
t,1,CO-PUT-Villagarzon,CO-PUT-VGZ,2022-09-14
t,1,CO-QUI-Armenia,CO-QUI-ARM,2022-09-14
t,1,CO-QUI-Buenavista,CO-QUI-BUV,2022-09-14
t,1,CO-QUI-Calarca,CO-QUI-CAL,2022-09-14
t,1,CO-QUI-Circasia,CO-QUI-CIR,2022-09-14
t,1,CO-QUI-Cordoba,CO-QUI-COR,2022-09-14
t,1,CO-QUI-Filandia,CO-QUI-FIL,2022-09-14
t,1,CO-QUI-Genova,CO-QUI-GEN,2022-09-14
t,1,CO-QUI-LaTebaida,CO-QUI-LTA,2022-09-14
t,1,CO-QUI-Montenegro,CO-QUI-MON,2022-09-14
t,1,CO-QUI-Pijao,CO-QUI-PIJ,2022-09-14
t,1,CO-QUI-Quimbaya,CO-QUI-QUIM,2022-09-14
t,1,CO-QUI-Salento,CO-QUI-SAL,2022-09-14
t,1,CO-RIS-Apia,CO-RIS-API,2022-09-14
t,1,CO-RIS-Balboa,CO-RIS-BAL,2022-09-14
t,1,CO-RIS-BelenUmbria,CO-RIS-BDU,2022-09-14
t,1,CO-RIS-Dosquebradas,CO-RIS-DQS,2022-09-14
t,1,CO-RIS-Guatica,CO-RIS-GTA,2022-09-14
t,1,CO-RIS-LaCelia,CO-RIS-LCA,2022-09-14
t,1,CO-RIS-LaVirginia,CO-RIS-LVG,2022-09-14
t,1,CO-RIS-Marsella,CO-RIS-MSA,2022-09-14
t,1,CO-RIS-Mistrato,CO-RIS-MTO,2022-09-14
t,1,CO-RIS-Pereira,CO-RIS-PRA,2022-09-14
t,1,CO-RIS-PuebloRico,CO-RIS-PRC,2022-09-14
t,1,CO-RIS-Quinchia,CO-RIS-QCH,2022-09-14
t,1,CO-RIS-SantaRosaCabal,CO-RIS-SRC,2022-09-14
t,1,CO-RIS-Santuario,CO-RIS-STO,2022-09-14
t,1,CO-SAN-Aguada,CO-SAN-AGA,2022-09-14
t,1,CO-SAN-Albania,CO-SAN-ABA,2022-09-14
t,1,CO-SAN-Aratoca,CO-SAN-ATA,2022-09-14
t,1,CO-SAN-Barbosa,CO-SAN-BAR,2022-09-14
t,1,CO-SAN-Barichara,CO-SAN-BRI,2022-09-14
t,1,CO-SAN-Barrancabermeja,CO-SAN-BJA,2022-09-14
t,1,CO-SAN-Betulia,CO-SAN-BET,2022-09-14
t,1,CO-SAN-Bolivar,CO-SAN-BOL,2022-09-14
t,1,CO-SAN-Bucaramanga,CO-SAN-BUC,2022-09-14
t,1,CO-SAN-Cabrera,CO-SAN-CAE,2022-09-14
t,1,CO-SAN-California,CO-SAN-CAL,2022-09-14
t,1,CO-SAN-Capitanejo,CO-SAN-CAP,2022-09-14
t,1,CO-SAN-Carcasi,CO-SAN-CAR,2022-09-14
t,1,CO-SAN-Cepita,CO-SAN-CEP,2022-09-14
t,1,CO-SAN-Cerrito,CO-SAN-CER,2022-09-14
t,1,CO-SAN-Charala,CO-SAN-CHR,2022-09-14
t,1,CO-SAN-Charta,CO-SAN-CHA,2022-09-14
t,1,CO-SAN-Chima,CO-SAN-CHI,2022-09-14
t,1,CO-SAN-Chipata,CO-SAN-CHP,2022-09-14
t,1,CO-SAN-Cimitarra,CO-SAN-CIM,2022-09-14
t,1,CO-SAN-Concepcion,CO-SAN-CON,2022-09-14
t,1,CO-SAN-Confines,CO-SAN-CFS,2022-09-14
t,1,CO-SAN-Contratacion,CO-SAN-CTN,2022-09-14
t,1,CO-SAN-Coromoro,CO-SAN-COR,2022-09-14
t,1,CO-SAN-Curiti,CO-SAN-CUR,2022-09-14
t,1,CO-SAN-ElCarmenChucuri,CO-SAN-ECC,2022-09-14
t,1,CO-SAN-ElGuacamayo,CO-SAN-EGY,2022-09-14
t,1,CO-SAN-ElPenon,CO-SAN-EPN,2022-09-14
t,1,CO-SAN-ElPlayon,CO-SAN-EPY,2022-09-14
t,1,CO-SAN-ElSocorro,CO-SAN-SRO,2022-09-14
t,1,CO-SAN-Encino,CO-SAN-ECN,2022-09-14
t,1,CO-SAN-Enciso,CO-SAN-ENS,2022-09-14
t,1,CO-SAN-Florian,CO-SAN-FLN,2022-09-14
t,1,CO-SAN-Floridablanca,CO-SAN-FLB,2022-09-14
t,1,CO-SAN-Galan,CO-SAN-GLN,2022-09-14
t,1,CO-SAN-Gambita,CO-SAN-GAM,2022-09-14
t,1,CO-SAN-Giron,CO-SAN-GRN,2022-09-14
t,1,CO-SAN-Guaca,CO-SAN-GAA,2022-09-14
t,1,CO-SAN-Guadalupe,CO-SAN-GDP,2022-09-14
t,1,CO-SAN-Guapota,CO-SAN-GPA,2022-09-14
t,1,CO-SAN-Guavata,CO-SAN-GVA,2022-09-14
t,1,CO-SAN-Guepsa,CO-SAN-GEA,2022-09-14
t,1,CO-SAN-Hato,CO-SAN-HAT,2022-09-14
t,1,CO-SAN-JesusMaria,CO-SAN-JMA,2022-09-14
t,1,CO-SAN-Jordan,CO-SAN-JDN,2022-09-14
t,1,CO-SAN-LaBelleza,CO-SAN-LBZ,2022-09-14
t,1,CO-SAN-LaPaz,CO-SAN-LPZ,2022-09-14
t,1,CO-SAN-Landazuri,CO-SAN-LDR,2022-09-14
t,1,CO-SAN-Lebrija,CO-SAN-LRA,2022-09-14
t,1,CO-SAN-LosSantos,CO-SAN-LSS,2022-09-14
t,1,CO-SAN-Macaravita,CO-SAN-MAC,2022-09-14
t,1,CO-SAN-Malaga,CO-SAN-MAL,2022-09-14
t,1,CO-SAN-Matanza,CO-SAN-MAT,2022-09-14
t,1,CO-SAN-Mogotes,CO-SAN-MOG,2022-09-14
t,1,CO-SAN-Molagavita,CO-SAN-MOL,2022-09-14
t,1,CO-SAN-Ocamonte,CO-SAN-OCM,2022-09-14
t,1,CO-SAN-Oiba,CO-SAN-OIB,2022-09-14
t,1,CO-SAN-Onzaga,CO-SAN-ONZ,2022-09-14
t,1,CO-SAN-Palmar,CO-SAN-PAL,2022-09-14
t,1,CO-SAN-PalmasSocorro,CO-SAN-PDS,2022-09-14
t,1,CO-SAN-Paramo,CO-SAN-PRO,2022-09-14
t,1,CO-SAN-Piedecuesta,CO-SAN-PDA,2022-09-14
t,1,CO-SAN-Pinchote,CO-SAN-PIN,2022-09-14
t,1,CO-SAN-PuenteNacional,CO-SAN-PNL,2022-09-14
t,1,CO-SAN-PuertoParra,CO-SAN-PPA,2022-09-14
t,1,CO-SAN-PuertoWilches,CO-SAN-PWS,2022-09-14
t,1,CO-SAN-Rionegro,CO-SAN-RNG,2022-09-14
t,1,CO-SAN-SabanaTorres,CO-SAN-SDT,2022-09-14
t,1,CO-SAN-SanAndres,CO-SAN-SAS,2022-09-14
t,1,CO-SAN-SanBenito,CO-SAN-SBO,2022-09-14
t,1,CO-SAN-SanGil,CO-SAN-SGL,2022-09-14
t,1,CO-SAN-SanJoaquin,CO-SAN-SJN,2022-09-14
t,1,CO-SAN-SanJoseMiranda,CO-SAN-SJM,2022-09-14
t,1,CO-SAN-SanMiguel,CO-SAN-SML,2022-09-14
t,1,CO-SAN-SanVicenteChucuri,CO-SAN-SVC,2022-09-14
t,1,CO-SAN-SantaBarbara,CO-SAN-SBA,2022-09-14
t,1,CO-SAN-SantaHelenaOpon,CO-SAN-SHO,2022-09-14
t,1,CO-SAN-Simacota,CO-SAN-SCA,2022-09-14
t,1,CO-SAN-Suaita,CO-SAN-SAA,2022-09-14
t,1,CO-SAN-Sucre,CO-SAN-SUE,2022-09-14
t,1,CO-SAN-Surata,CO-SAN-STA,2022-09-14
t,1,CO-SAN-Tona,CO-SAN-TON,2022-09-14
t,1,CO-SAN-ValleSanJose,CO-SAN-VSJ,2022-09-14
t,1,CO-SAN-Velez,CO-SAN-VEZ,2022-09-14
t,1,CO-SAN-Vetas,CO-SAN-VTS,2022-09-14
t,1,CO-SAN-Villanueva,CO-SAN-VNV,2022-09-14
t,1,CO-SAN-Zapatoca,CO-SAN-ZPA,2022-09-14
t,1,CO-SUC-Buenavista,CO-SUC-BNA,2022-09-14
t,1,CO-SUC-Caimito,CO-SUC-CAM,2022-09-14
t,1,CO-SUC-Chalan,CO-SUC-CLN,2022-09-14
t,1,CO-SUC-Coloso,CO-SUC-CLO,2022-09-14
t,1,CO-SUC-Corozal,CO-SUC-CRL,2022-09-14
t,1,CO-SUC-Covenas,CO-SUC-CVS,2022-09-14
t,1,CO-SUC-ElRoble,CO-SUC-ERE,2022-09-14
t,1,CO-SUC-Galeras,CO-SUC-GAL,2022-09-14
t,1,CO-SUC-Guaranda,CO-SUC-GUA,2022-09-14
t,1,CO-SUC-LaUnion,CO-SUC-LUN,2022-09-14
t,1,CO-SUC-LosPalmitos,CO-SUC-PAL,2022-09-14
t,1,CO-SUC-Majagual,CO-SUC-MJL,2022-09-14
t,1,CO-SUC-Morroa,CO-SUC-MRA,2022-09-14
t,1,CO-SUC-Ovejas,CO-SUC-OJS,2022-09-14
t,1,CO-SUC-Sampues,CO-SUC-SAM,2022-09-14
t,1,CO-SUC-SanAntonioPalmito,CO-SUC-LPS,2022-09-14
t,1,CO-SUC-SanBenitoAbad,CO-SUC-SBA,2022-09-14
t,1,CO-SUC-SanJuanBetulia,CO-SUC-SJB,2022-09-14
t,1,CO-SUC-SanMarcos,CO-SUC-SMS,2022-09-14
t,1,CO-SUC-SanOnofre,CO-SUC-SOE,2022-09-14
t,1,CO-SUC-SanPedro,CO-SUC-SPO,2022-09-14
t,1,CO-SUC-Since,CO-SUC-SLS,2022-09-14
t,1,CO-SUC-Sincelejo,CO-SUC-SCJ,2022-09-14
t,1,CO-SUC-Sucre,CO-SUC-SUC,2022-09-14
t,1,CO-SUC-Tolu,CO-SUC-SDT,2022-09-14
t,1,CO-SUC-Toluviejo,CO-SUC-SJT,2022-09-14
t,1,CO-TOL-Alpujarra,CO-TOL-ALP,2022-09-14
t,1,CO-TOL-Alvarado,CO-TOL-ALR,2022-09-14
t,1,CO-TOL-Ambalema,CO-TOL-AMB,2022-09-14
t,1,CO-TOL-Anzoategui,CO-TOL-ANZ,2022-09-14
t,1,CO-TOL-Armero,CO-TOL-ARM,2022-09-14
t,1,CO-TOL-Ataco,CO-TOL-ATA,2022-09-14
t,1,CO-TOL-Cajamarca,CO-TOL-CAR,2022-09-14
t,1,CO-TOL-CarmenApicala,CO-TOL-CDA,2022-09-14
t,1,CO-TOL-Casabianca,CO-TOL-CAS,2022-09-14
t,1,CO-TOL-Chaparral,CO-TOL-CHL,2022-09-14
t,1,CO-TOL-Coello,CO-TOL-COL,2022-09-14
t,1,CO-TOL-Coyaima,CO-TOL-COY,2022-09-14
t,1,CO-TOL-Cunday,CO-TOL-CUY,2022-09-14
t,1,CO-TOL-Dolores,CO-TOL-DOL,2022-09-14
t,1,CO-TOL-Espinal,CO-TOL-ESL,2022-09-14
t,1,CO-TOL-Falan,CO-TOL-FAL,2022-09-14
t,1,CO-TOL-Flandes,CO-TOL-FLA,2022-09-14
t,1,CO-TOL-Fresno,CO-TOL-FRE,2022-09-14
t,1,CO-TOL-Guamo,CO-TOL-GAM,2022-09-14
t,1,CO-TOL-Herveo,CO-TOL-HER,2022-09-14
t,1,CO-TOL-Honda,CO-TOL-HON,2022-09-14
t,1,CO-TOL-Ibague,CO-TOL-IBA,2022-09-14
t,1,CO-TOL-Icononzo,CO-TOL-ICO,2022-09-14
t,1,CO-TOL-Lerida,CO-TOL-LER,2022-09-14
t,1,CO-TOL-Libano,CO-TOL-LIB,2022-09-14
t,1,CO-TOL-Mariquita,CO-TOL-SSM,2022-09-14
t,1,CO-TOL-Melgar,CO-TOL-MEL,2022-09-14
t,1,CO-TOL-Murillo,CO-TOL-MUR,2022-09-14
t,1,CO-TOL-Natagaima,CO-TOL-NAT,2022-09-14
t,1,CO-TOL-Ortega,CO-TOL-ORT,2022-09-14
t,1,CO-TOL-Palocabildo,CO-TOL-PAL,2022-09-14
t,1,CO-TOL-Piedras,CO-TOL-PIE,2022-09-14
t,1,CO-TOL-Planadas,CO-TOL-PLA,2022-09-14
t,1,CO-TOL-Prado,CO-TOL-PRA,2022-09-14
t,1,CO-TOL-Purificacion,CO-TOL-PUR,2022-09-14
t,1,CO-TOL-Rioblanco,CO-TOL-RBO,2022-09-14
t,1,CO-TOL-Roncesvalles,CO-TOL-ROC,2022-09-14
t,1,CO-TOL-Rovira,CO-TOL-ROV,2022-09-14
t,1,CO-TOL-Saldana,CO-TOL-SAL,2022-09-14
t,1,CO-TOL-SanAntonio,CO-TOL-SAO,2022-09-14
t,1,CO-TOL-SanLuis,CO-TOL-SLS,2022-09-14
t,1,CO-TOL-SantaIsabel,CO-TOL-SIL,2022-09-14
t,1,CO-TOL-Suarez,CO-TOL-SRZ,2022-09-14
t,1,CO-TOL-ValleSanJuan,CO-TOL-VSJ,2022-09-14
t,1,CO-TOL-Venadillo,CO-TOL-VDO,2022-09-14
t,1,CO-TOL-Villahermosa,CO-TOL-VHA,2022-09-14
t,1,CO-TOL-Villarrica,CO-TOL-VRA,2022-09-14
t,1,CO-VAC-Alcala,CO-VAC-ACA,2022-09-14
t,1,CO-VAC-Andalucia,CO-VAC-ALA,2022-09-14
t,1,CO-VAC-Ansermanuevo,CO-VAC-AMO,2022-09-14
t,1,CO-VAC-Argelia,CO-VAC-AGA,2022-09-14
t,1,CO-VAC-Bolivar,CO-VAC-BOL,2022-09-14
t,1,CO-VAC-Buenaventura,CO-VAC-BUN,2022-09-14
t,1,CO-VAC-Buga,CO-VAC-GDB,2022-09-14
t,1,CO-VAC-Bugalagrande,CO-VAC-BUG,2022-09-14
t,1,CO-VAC-Caicedonia,CO-VAC-CAI,2022-09-14
t,1,CO-VAC-Cali,CO-VAC-CAL,2022-09-14
t,1,CO-VAC-Calima,CO-VAC-CMA,2022-09-14
t,1,CO-VAC-Candelaria,CO-VAC-CDA,2022-09-14
t,1,CO-VAC-Cartago,CO-VAC-CAR,2022-09-14
t,1,CO-VAC-Dagua,CO-VAC-DAG,2022-09-14
t,1,CO-VAC-ElAguila,CO-VAC-EAA,2022-09-14
t,1,CO-VAC-ElCairo,CO-VAC-ECO,2022-09-14
t,1,CO-VAC-ElCerrito,CO-VAC-ECT,2022-09-14
t,1,CO-VAC-ElDovio,CO-VAC-EDO,2022-09-14
t,1,CO-VAC-Florida,CO-VAC-FLA,2022-09-14
t,1,CO-VAC-Ginebra,CO-VAC-GIN,2022-09-14
t,1,CO-VAC-Guacari,CO-VAC-GUA,2022-09-14
t,1,CO-VAC-Jamundi,CO-VAC-JAM,2022-09-14
t,1,CO-VAC-LaCumbre,CO-VAC-LCE,2022-09-14
t,1,CO-VAC-LaUnion,CO-VAC-LUN,2022-09-14
t,1,CO-VAC-LaVictoria,CO-VAC-LVA,2022-09-14
t,1,CO-VAC-Obando,CO-VAC-OBA,2022-09-14
t,1,CO-VAC-Palmira,CO-VAC-PAL,2022-09-14
t,1,CO-VAC-Pradera,CO-VAC-PRA,2022-09-14
t,1,CO-VAC-Restrepo,CO-VAC-RES,2022-09-14
t,1,CO-VAC-Riofrio,CO-VAC-RFO,2022-09-14
t,1,CO-VAC-Roldanillo,CO-VAC-ROL,2022-09-14
t,1,CO-VAC-SanPedro,CO-VAC-SPR,2022-09-14
t,1,CO-VAC-Sevilla,CO-VAC-SEV,2022-09-14
t,1,CO-VAC-Toro,CO-VAC-TOR,2022-09-14
t,1,CO-VAC-Trujillo,CO-VAC-TRU,2022-09-14
t,1,CO-VAC-Tulua,CO-VAC-TUL,2022-09-14
t,1,CO-VAC-Ulloa,CO-VAC-ULA,2022-09-14
t,1,CO-VAC-Versalles,CO-VAC-VER,2022-09-14
t,1,CO-VAC-Vijes,CO-VAC-VJS,2022-09-14
t,1,CO-VAC-Yotoco,CO-VAC-YTC,2022-09-14
t,1,CO-VAC-Yumbo,CO-VAC-YMB,2022-09-14
t,1,CO-VAC-Zarzal,CO-VAC-ZAR,2022-09-14
t,1,CO-VAU-Caruru,CO-VAU-CAR,2022-09-14
t,1,CO-VAU-Mitu,CO-VAU-MIT,2022-09-14
t,1,CO-VAU-Pacoa,CO-VAU-PAC,2022-09-14
t,1,CO-VAU-Papunahua,CO-VAU-PAP,2022-09-14
t,1,CO-VAU-Taraira,CO-VAU-TAR,2022-09-14
t,1,CO-VAU-Yavarate,CO-VAU-YAV,2022-09-14
t,1,CO-VID-Cumaribo,CO-VID-CUM,2022-09-14
t,1,CO-VID-LaPrimavera,CO-VID-LPV,2022-09-14
t,1,CO-VID-PuertoCarreno,CO-VID-PCN,2022-09-14
t,1,CO-VID-SantaRosalia,CO-VID-SRA,2022-09-14
